{
    "defaultboard": {
        "columns": [
            {
                "id": 1,
                "title": "Todo (2)",
                "cards": [
                    {
                        "id": 2,
                        "title": "Design Dashboard",
                        "date": "23/7/20",
                        "priority": "medium",
                        "img": "user/3.jpg",
                        "company": "Themeforest, australia",
                        "rate": "+10",
                        "customer_img1": "user/3.jpg",
                        "customer_img2": "user/1.jpg",
                        "customer_img3": "user/5.jpg"
                    },
                    {
                        "id": 3,
                        "title": "Test Sidebar",
                        "date": "24/7/20",
                        "priority": "Argent",
                        "img": "user/3.jpg",
                        "company": "Themeforest, australia",
                        "rate": "+5",
                        "customer_img1": "user/3.jpg",
                        "customer_img2": "user/1.jpg",
                        "customer_img3": "user/5.jpg"
                    }
                ]
            },
            {
                "id": 4,
                "title": "Doing (2)",
                "cards": [
                    {
                        "id": 5,
                        "title": "Test Sidebar",
                        "date": "24/7/20",
                        "priority": "Argent",
                        "img": "user/3.jpg",
                        "company": "Themeforest, australia",
                        "rate": "+5",
                        "customer_img1": "user/3.jpg",
                        "customer_img2": "user/1.jpg",
                        "customer_img3": "user/5.jpg"
                    },
                    {
                        "id": 6,
                        "title": "Dashboard issue",
                        "date": "24/7/20",
                        "priority": "Low",
                        "img": "user/3.jpg",
                        "company": "Themeforest, australia",
                        "rate": "+5",
                        "customer_img1": "user/3.jpg",
                        "customer_img2": "user/1.jpg",
                        "customer_img3": "user/5.jpg"
                    }
                ]
            },
            {
                "id": 7,
                "title": "Done (2)",
                "cards": [
                    {
                        "id": 8,
                        "title": "Test Sidebar",
                        "date": "24/7/20",
                        "priority": "Argent",
                        "img": "user/3.jpg",
                        "company": "Themeforest, australia",
                        "rate": "+5",
                        "customer_img1": "user/3.jpg",
                        "customer_img2": "user/1.jpg",
                        "customer_img3": "user/5.jpg"
                    },
                    {
                        "id": 9,
                        "title": "Design Dashboard",
                        "date": "23/7/20",
                        "priority": "Medium",
                        "img": "user/3.jpg",
                        "company": "Themeforest, australia",
                        "rate": "+10",
                        "customer_img1": "user/3.jpg",
                        "customer_img2": "user/1.jpg",
                        "customer_img3": "user/5.jpg"
                    }
                ]
            }
        ]
    }
}