[
    {
        "id": 1,
        "img": "ecommerce/01.jpg",
        "name":"Casual T-Shirt",
        "note": "Simply dummy text of the printing",
        "discription": "It is a long established fact that a reader will be distracted by the readable content of a page when looking at its layout.",
        "discountPrice": "350.00",
        "status":"none",
        "price": 100.00,
        "stock": "In stock",
        "review": "(250 review)",
        "category": "Man",
        "colors": [
            "White",
            "gray"
        ],
        "size": [
            "M",
            "L",
            "XL"
        ],
        "tags": [
            "Diesel",
            "Hudson",
            "Lee"
        ],
        "variants": [
            {
                "color": "White",
                "images": "ecommerce/01.jpg"
            },
            {
                "color": "gray",
                "images": "ecommerce/04.jpg"
            },
            {
                "color": "black",
                "images": "ecommerce/02.jpg"
            },
            {
                "color": "pink",
                "images": "ecommerce/03.jpg"
            }
        ]
    },
    {
        "id": 2,
        "img": "ecommerce/02.jpg",
        "name": "Fitted T-Shirt",
        "note": "Simply dummy text of the printing",
        "discription": "It is a long established fact that a reader will be distracted by the readable content of a page when looking at its layout.",
        "discountPrice": "350.00",
        "status":"sale",
        "price": 260.00,
        "stock": "In stock",
        "review": "(250 review)",
        "category": "Man",
        "colors": [
            "green",
            "gray"
        ],
        "size": [
            "M",
            "L",
            "XL"
        ],
        "tags": [
            "Levis",
            "Hudson",
            "Lee"
        ],
        "variants": [
            {
                "color": "White",
                "images": "ecommerce/01.jpg"
            },
            {
                "color": "gray",
                "images": "ecommerce/04.jpg"
            },
            {
                "color": "gray",
                "images": "ecommerce/02.jpg"
            },
            {
                "color": "gray",
                "images": "ecommerce/03.jpg"
            }
        ]
    },
    {
        "id": 3,
        "img": "ecommerce/03.jpg",
        "name": "Half Sleeve",
        "note": "Simply dummy text of the printing",
        "discription": "It is a long established fact that a reader will be distracted by the readable content of a page when looking at its layout.",
        "discountPrice": "350.00",
        "price" :"360.00",
        "status" :"none",
        "stock": "In stock",
        "review": "(250 review)",
        "category": "Man",
        "colors": [
            "White",
            "gray",
            "blue"
        ]
        ,
       "size" : [
            "M",
            "L",
            "XL"
        ],
       "tags": [
            "Diesel",
            "Spykar",
            "Lee"
        ],
        "variants": [
            {
                "color": "White",
                "images": "ecommerce/01.jpg"
            },
            {
                "color": "gray",
                "images": "ecommerce/04.jpg"
            },
            {
                "color": "gray",
                "images": "ecommerce/02.jpg"
            },
            {
                "color": "gray",
                "images": "ecommerce/03.jpg"
            }
        ]
    },
    {
        "id": 4,
        "img": "ecommerce/04.jpg",
        "name": "Cut Top Dress",
        "note": "Simply dummy text of the printing",
        "discription": "It is a long established fact that a reader will be distracted by the readable content of a page when looking at its layout.",
        "discountPrice": "350.00",
        "price" :"526.00",
        "status" :"50%",
        "stock": "In stock",
        "review": "(250 review)",
        "category": "Woman",
        "colors": [
            "red",
            "gray",
            "blue"
        ],
       "size": [
            "M",
            "L",
            "XL"
        ],
       "tags": [
            "Levis",
            "Lee",
            "Hudson"
        ],
        "variants": [
            {
                "color": "White",
                "images": "ecommerce/01.jpg"
            },
            {
                "color": "gray",
                "images": "ecommerce/04.jpg"
            },
            {
                "color": "gray",
                "images": "ecommerce/02.jpg"
            },
            {
                "color": "gray",
                "images": "ecommerce/03.jpg"
            }
        ]
    },
    {
        "id": 5,
        "img": "ecommerce/02.jpg",
        "name": "Fitted T-Shirt",
        "note": "Simply dummy text of the printing",
        "discription": "It is a long established fact that a reader will be distracted by the readable content of a page when looking at its layout.",
        "discountPrice": "350.00",
        "price" : 206.00,
        "stock": "In stock",
        "status" : "none",
        "review": "(250 review)",
        "category": "Man",
        "colors": [
            "green",
            "gray",
            "blue"
        ],
       "size": [
            "M",
            "L",
            "XL"
        ],
       "tags": [
            "Denien",
            "Diesel",
            "Spykar"
        ],
        "variants": [
            {
                "color": "White",
                "images": "ecommerce/01.jpg"
            },
            {
                "color": "gray",
                "images": "ecommerce/04.jpg"
            },
            {
                "color": "gray",
                "images": "ecommerce/02.jpg"
            },
            {
                "color": "gray",
                "images": "ecommerce/03.jpg"
            }
        ]
    },
    {
        "id": 6,
        "img": "ecommerce/03.jpg",
        "name": "Half Sleeve",
        "note": "Simply dummy text of the printing",
        "discription": "It is a long established fact that a reader will be distracted by the readable content of a page when looking at its layout.",
        "discountPrice": "350.00",
        "price" : 926.00,
        "status": "gift",
        "stock": "In stock",
        "review": "(250 review)",
        "category": "Man",
        "colors": [
            "purple",
            "orange",
            "blue"
        ]
        ,
       "size": [
            "M",
            "L",
            "XL"
        ],
       "tags": [
            "Lee",
            "Lifestyle",
            "Nike"
        ],
        "variants": [
            {
                "color": "White",
                "images": "ecommerce/01.jpg"
            },
            {
                "color": "gray",
                "images": "ecommerce/04.jpg"
            },
            {
                "color": "gray",
                "images": "ecommerce/02.jpg"
            },
            {
                "color": "gray",
                "images": "ecommerce/03.jpg"
            }
        ]
    },
    {
        "id": 7,
        "img": "ecommerce/01.jpg",
        "name": "Casual T-Shirt",
        "note": "Simply dummy text of the printing",
        "discription": "It is a long established fact that a reader will be distracted by the readable content of a page when looking at its layout.",
        "discountPrice": "350.00",
        "price" : 1000.00,
        "status" : "sale",
        "stock": "In stock",
        "review": "(250 review)",
        "category": "Man",
        "colors": [
            "orange",
            "pink",
            "blue"
        ],
       "size": [
            "M",
            "L",
            "XL"
        ],
       "tags" : [
            "Lee"
        ],
        "variants": [
            {
                "color": "White",
                "images": "ecommerce/01.jpg"
            },
            {
                "color": "gray",
                "images": "ecommerce/04.jpg"
            },
            {
                "color": "gray",
                "images": "ecommerce/02.jpg"
            },
            {
                "color": "gray",
                "images": "ecommerce/03.jpg"
            }
        ]
    },
    {
        "id": 8,
        "img": "ecommerce/03.jpg",
        "name": "Half Sleeve",
        "note": "Simply dummy text of the printing",
        "discription": "It is a long established fact that a reader will be distracted by the readable content of a page when looking at its layout.",
        "discountPrice": "350.00",
        "price" : 500.00,
        "status" : "none",
        "stock": "In stock",
        "review": "(250 review)",
        "category": "Man",
        "colors": [
            "purple",
            "pink",
            "blue"
        ],
       "size": [
            "M",
            "L",
            "XL"
        ],
       "tags" : [
            "Hudson",
            "Lee"
        ],
        "variants": [
            {
                "color": "White",
                "images": "ecommerce/01.jpg"
            },
            {
                "color": "gray",
                "images": "ecommerce/04.jpg"
            },
            {
                "color": "gray",
                "images": "ecommerce/02.jpg"
            },
            {
                "color": "gray",
                "images": "ecommerce/03.jpg"
            }
        ]
    },
    {
        "id": 9,
        "img": "ecommerce/03.jpg",
        "name": "Half Sleeve",
        "note": "Simply dummy text of the printing",
        "discription": "It is a long established fact that a reader will be distracted by the readable content of a page when looking at its layout.",
        "discountPrice": "350.00",
        "price" : 826.00,
        "status" : "none",
        "stock": "In stock",
        "review": "(250 review)",
        "category": "Man",
        "colors": [
            "White",
            "pink",
            "blue"
        ],
       "size": [
            "M",
            "L",
            "XL"
        ],
       "tags" : [
            "Spykar"
        ],
        "variants": [
            {
                "color": "purple",
                "images": "ecommerce/01.jpg"
            },
            {
                "color": "pink",
                "images": "ecommerce/04.jpg"
            },
            {
                "color": "blue",
                "images": "ecommerce/02.jpg"
            },
            {
                "color": "white",
                "images": "ecommerce/03.jpg"
            }
        ]
    },
    {
        "id": 10,
        "img": "ecommerce/04.jpg",
        "name": "Cut Top Dress",
        "note": "Simply dummy text of the printing",
        "discription": ":It is a long established fact that a reader will be distracted by the readable content of a page when looking at its layout.",
        "discountPrice": "350.00",
        "price" : 726.00,
        "status" : "none",
        "stock": "In stock",
        "review": "(250 review)",
        "category": "Woman",
        "colors": [
            "White",
            "pink",
            "blue"
        ],
       "size": [
            "M",
            "L",
            "XL"
        ],
       "tags" : [
            "Hudson",
            "Spykar"
        ],
        "variants": [
            {
                "color": "White",
                "images": "ecommerce/01.jpg"
            },
            {
                "color": "pink",
                "images": "ecommerce/04.jpg"
            },
            {
                "color": "blue",
                "images": "ecommerce/02.jpg"
            },
            {
                "color": "red",
                "images": "ecommerce/03.jpg"
            }
        ]
    },
    {
        "id": 11,
        "img": "ecommerce/02.jpg",
        "name": "Fitted T-Shirt",
        "note": "Simply dummy text of the printing",
        "discription": "It is a long established fact that a reader will be distracted by the readable content of a page when looking at its layout.",
        "discountPrice": "350.00",
        "price" : 426.00,
        "status" : "none",
        "stock": "In stock",
        "review": "(250 review)",
        "category": "Man",
        "colors": [
            "White",
            "pink",
            "blue"
        ],
       "size": [
            "M",
            "L",
            "XL"
        ],
       "tags" : [
            "Diesel",
            "Hudson",
            "Lee"
        ],
        "variants": [
            {
                "color": "White",
                "images": "ecommerce/01.jpg"
            },
            {
                "color": "pink",
                "images": "ecommerce/04.jpg"
            },
            {
                "color": "blue",
                "images": "ecommerce/02.jpg"
            },
            {
                "color": "gray",
                "images": "ecommerce/03.jpg"
            }
        ]
    },
    {
        "id": 12,
        "img": "ecommerce/03.jpg",
        "name": "Half Sleeve",
        "note": "Simply dummy text of the printing",
        "discription": "It is a long established fact that a reader will be distracted by the readable content of a page when looking at its layout.",
        "discountPrice": "350.00",
        "price" : 626.00,
        "status" : "none",
        "stock": "In stock",
        "review": "(250 review)",
        "category": "Man",
        "colors": [
            "White",
            "pink",
            "blue"
        ],
       "size": [
            "M",
            "L",
            "XL"
        ],
       "tags" : [
            "Diesel",
            "Hudson",
            "Lee"
        ],
        "variants": [
            {
                "color": "White",
                "images": "ecommerce/01.jpg"
            },
            {
                "color": "pink",
                "images": "ecommerce/04.jpg"
            },
            {
                "color": "blue",
                "images": "ecommerce/02.jpg"
            },
            {
                "color": "purple",
                "images": "ecommerce/03.jpg"
            }
        ]
    },
    {
        "id": 13,
        "img": "ecommerce/02.jpg",
        "name": "Fitted T-Shirt",
        "note": "Simply dummy text of the printing",
        "discription": "It is a long established fact that a reader will be distracted by the readable content of a page when looking at its layout.",
        "discountPrice": "350.00",
        "price" : 450.00,
        "status" : "love",
        "stock": "In stock",
        "review": "(250 review)",
        "category": "Man",
        "colors": [
            "White",
            "pink",
            "blue"
        ],
       "size": [
            "M",
            "L",
            "XL"
        ],
       "tags" : [
            "Diesel",
            "Hudson",
            "Lee"
        ],
        "variants": [
            {
                "color": "White",
                "images": "ecommerce/01.jpg"
            },
            {
                "color": "pink",
                "images": "ecommerce/04.jpg"
            },
            {
                "color": "blue",
                "images": "ecommerce/02.jpg"
            },
            {
                "color": "black",
                "images": "ecommerce/03.jpg"
            }
        ]
    },
    {
        "id": 14,
        "img": "ecommerce/03.jpg",
        "name": "Half Sleeve",
        "note": "Simply dummy text of the printing",
        "discription": "It is a long established fact that a reader will be distracted by the readable content of a page when looking at its layout.",
        "discountPrice": "350.00",
        "price" : 26.00,
        "status" : "none",
        "stock": "In stock",
        "review": "(250 review)",
        "category": "Man",
        "colors": [
            "White",
            "blue",
            "yellow"
        ],
       "size": [
            "M",
            "L",
            "XL"
        ],
       "tags" : [
            "Diesel",
            "Lee"
        ],
        "variants": [
            {
                "color": "White",
                "images": "ecommerce/01.jpg"
            },
            {
                "color": "blue",
                "images": "ecommerce/04.jpg"
            },
            {
                "color": "yellow",
                "images": "ecommerce/02.jpg"
            },
            {
                "color": "pink",
                "images": "ecommerce/03.jpg"
            }
        ]
    },
    {
        "id": 15,
        "img": "ecommerce/04.jpg",
        "name": "Cut Top Dress",
        "note": "Simply dummy text of the printing",
        "discription": "It is a long established fact that a reader will be distracted by the readable content of a page when looking at its layout.",
        "discountPrice": "350.00",
        "price" : 26.00,
        "status" : "Hot",
        "stock": "In stock",
        "review": "(250 review)",
        "category": "Woman",
        "colors": [
            "black",
            "blue",
            "yellow"
        ],
       "size": [
            "M",
            "L",
            "XL"
        ],
       "tags" : [
            "Lee"
        ],
        "variants": [
            {
                "color": "black",
                "images": "ecommerce/01.jpg"
            },
            {
                "color": "blue",
                "images": "ecommerce/04.jpg"
            },
            {
                "color": "yellow",
                "images": "ecommerce/02.jpg"
            },
            {
                "color": "yellow",
                "images": "ecommerce/03.jpg"
            }
        ]
    },
    {
        "id": 16,
        "img": "ecommerce/02.jpg",
        "name": "Fitted T-Shirt",
        "note": "Simply dummy text of the printing",
        "discription": "It is a long established fact that a reader will be distracted by the readable content of a page when looking at its layout.",
        "discountPrice": "350.00",
        "price" : 550.00,
        "status" : "none",
        "stock": "Out of stock",
        "review": "(250 review)",
        "category": "Man",
        "colors": [
            "black",
            "pink",
            "yellow"
        ],
       "size": [
            "M",
            "L",
            "XL"
        ],
       "tags" : [
            "Hudson"
        ],
        "variants": [
            {
                "color": "black",
                "images": "ecommerce/01.jpg"
            },
            {
                "color": "pink",
                "images": "ecommerce/04.jpg"
            },
            {
                "color": "yellow",
                "images": "ecommerce/02.jpg"
            },
            {
                "color": "blue",
                "images": "ecommerce/02.jpg"
            }
        ]
    },
    {
        "id": 17,
        "img": "ecommerce/03.jpg",
        "name": "Half Sleeve",
        "note": "Simply dummy text of the printing",
        "discription": "It is a long established fact that a reader will be distracted by the readable content of a page when looking at its layout.",
        "discountPrice": "350.00",
        "price" : 550.00,
        "status" : "none",
        "stock": "Out of stock",
        "review": "(250 review)",
        "category": "Man",
        "colors": [
            "black",
            "pink",
            "yellow"
        ],
       "size": [
            "M",
            "L",
            "XL"
        ],
       "tags" : [
            "Lee"
        ],
        "variants": [
            {
                "color": "black",
                "images": "ecommerce/01.jpg"
            },
            {
                "color": "pink",
                "images": "ecommerce/04.jpg"
            },
            {
                "color": "yellow",
                "images": "ecommerce/02.jpg"
            },
            {
                "color": "red",
                "images": "ecommerce/02.jpg"
            }
        ]
    },
    {
        "id": 18,
        "img": "ecommerce/01.jpg",
        "name": "Casual T-Shirt",
        "note": "Simply dummy text of the printing",
        "discription": "It is a long established fact that a reader will be distracted by the readable content of a page when looking at its layout.",
        "discountPrice": "350.00",
        "price" : 550.00,
        "status" : "none",
        "stock": "Out of stock",
        "review": "(250 review)",
        "category": "Man",
        "colors": [
            "black",
            "pink",
            "yellow"
        ],
       "size": [
            "M",
            "L",
            "XL"
        ],
       "tags" : [
            "Diesel",
            "Hudson",
            "Lee"
        ],
        "variants": [
            {
                "color": "black",
                "images": "ecommerce/01.jpg"
            },
            {
                "color": "pink",
                "images": "ecommerce/04.jpg"
            },
            {
                "color": "yellow",
                "images": "ecommerce/02.jpg"
            },
            {
                "color": "purple",
                "images": "ecommerce/02.jpg"
            }
        ]
    },
    {
        "id": 19,
        "img": "ecommerce/03.jpg",
        "name": "Half Sleeve",
        "note": "Simply dummy text of the printing",
        "discription": "It is a long established fact that a reader will be distracted by the readable content of a page when looking at its layout.",
        "discountPrice": "350.00",
        "price" : 550.00,
        "status" : "none",
        "stock": "In stock",
        "review": "(250 review)",
        "category": "Man",
        "colors": [
            "red",
            "pink",
            "blue"
        ],
       "size": [
            "M",
            "L",
            "XL"
        ],
       "tags" : [
            "Denizen",
            "Levi's"
        ],
        "variants": [
            {
                "color": "red",
                "images": "ecommerce/01.jpg"
            },
            {
                "color": "pink",
                "images": "ecommerce/04.jpg"
            },
            {
                "color": "blue",
                "images": "ecommerce/02.jpg"
            },
            {
                "color": "yellow",
                "images": "ecommerce/03.jpg"
            }
        ]
    },
    {
        "id": 20,
        "img": "ecommerce/03.jpg",
        "name": "Half Sleeve",
        "note": "Simply dummy text of the printing",
        "discription": "It is a long established fact that a reader will be distracted by the readable content of a page when looking at its layout.",
        "discountPrice": "350.00",
        "price" : 550.00,
        "status" : "none",
        "stock": "Out of stock",
        "review": "(250 review)",
        "category": "Man",
        "colors": [
            "gray",
            "pink",
            "yellow"
        ],
       "size": [
            "M",
            "L",
            "XL"
        ],
       "tags" : [
            "Lee"
        ],
        "variants": [
            {
                "color": "gray",
                "images": "ecommerce/01.jpg"
            },
            {
                "color": "pink",
                "images": "ecommerce/04.jpg"
            },
            {
                "color": "yellow",
                "images": "ecommerce/02.jpg"
            },
            {
                "color": "blue",
                "images": "ecommerce/03.jpg"
            }
        ]
    },
    {
        "id": 21,
        "img": "ecommerce/04.jpg",
        "name": "Cut Top Dress",
        "note": "Simply dummy text of the printing",
        "discription": "It is a long established fact that a reader will be distracted by the readable content of a page when looking at its layout.",
        "discountPrice": "350.00",
        "price" : 550.00,
        "status" : "none",
        "stock": "Out of stock",
        "review": "(250 review)",
        "category": "Woman",
        "colors": [
            "black",
            "pink",
            "blue"
        ],
       "size": [
            "M",
            "L",
            "XL"
        ],
       "tags" : [
            "Lee"
        ],
        "variants": [
            {
                "color": "black",
                "images": "ecommerce/01.jpg"
            },
            {
                "color": "pink",
                "images": "ecommerce/04.jpg"
            },
            {
                "color": "blue",
                "images": "ecommerce/02.jpg"
            },
            {
                "color": "yellow",
                "images": "ecommerce/03.jpg"
            }
        ]
    },
    {
        "id": 22,
        "img": "ecommerce/02.jpg",
        "name": "Fitted T-Shirt",
        "note": "Simply dummy text of the printing",
        "discription": "It is a long established fact that a reader will be distracted by the readable content of a page when looking at its layout.",
        "discountPrice": "350.00",
        "price" : 550.00,
        "status" : "none",
        "stock": "Out of stock",
        "review": "(250 review)",
        "category": "Man",
        "colors": [
            "black",
            "pink",
            "red"
        ],
       "size": [
            "M",
            "L",
            "XL"
        ],
       "tags" : [
            "Denizen",
            "Spykar"
        ],
        "variants": [
            {
                "color": "black",
                "images": "ecommerce/01.jpg"
            },
            {
                "color": "pink",
                "images": "ecommerce/04.jpg"
            },
            {
                "color": "red",
                "images": "ecommerce/02.jpg"
            },
            {
                "color": "yellow",
                "images": "ecommerce/03.jpg"
            }
        ]
    },
    {
        "id": 23,
        "img": "ecommerce/03.jpg",
        "name": "Half Sleeve",
        "note": "Simply dummy text of the printing",
        "discription": "It is a long established fact that a reader will be distracted by the readable content of a page when looking at its layout.",
        "discountPrice": "350.00",
        "price" : 550.00,
        "status" : "none",
        "stock": "In stock",
        "review": "(250 review)",
        "category": "Man",
        "colors": [
            "black",
            "pink",
            "red"
        ],
       "size": [
            "M",
            "L",
            "XL"
        ],
       "tags" : [
            "Diesel"
        ],
        "variants": [
            {
                "color": "black",
                "images": "ecommerce/01.jpg"
            },
            {
                "color": "pink",
                "images": "ecommerce/04.jpg"
            },
            {
                "color": "red",
                "images": "ecommerce/02.jpg"
            },
            {
                "color": "yellow",
                "images": "ecommerce/03.jpg"
            }
        ]
    },
    {
        "id": 24,
        "img": "ecommerce/03.jpg",
        "name": "Half Sleeve",
        "note": "Simply dummy text of the printing",
        "discription": "It is a long established fact that a reader will be distracted by the readable content of a page when looking at its layout.",
        "discountPrice": "350.00",
        "price" : 550.00,
        "status" : "none",
        "stock": "In stock",
        "review": "(250 review)",
        "category": "Man",
        "colors": [
            "black",
            "pink",
            "red",
            "gray"
        ],
        "size": [
            "M",
            "L",
            "XL"
        ],
        "tags" : [
            "Nike",
            "Caprese",
            "Lee"
        ],
        "variants": [
            {
                "color": "black",
                "images": "ecommerce/01.jpg"
            },
            {
                "color": "pink",
                "images": "ecommerce/04.jpg"
            },
            {
                "color": "red",
                "images": "ecommerce/02.jpg"
            },
            {
                "color": "gray",
                "images": "ecommerce/03.jpg"
            }
        ]
    }
]