[
    {
        "id": 1,
        "title": "Client meeting",
        "collection": "General",
        "desc": "Lorem Ipsum is simply dummy text of the printing and typesetting industry. Lorem Ipsum has been"
    },
    {
        "id": 2,
        "title": "Plan webinar",
        "collection": "General",
        "desc": "Lorem Ipsum is simply dummy text of the printing and typesetting industry. Lorem Ipsum has been"
    },
    {
        "id": 3,
        "title": "Email newsletter",
        "collection": "General",
        "desc": "Lorem Ipsum is simply dummy text of the printing and typesetting industry. Lorem Ipsum has been"
    },
    {
        "id": 4,
        "title": "Publish podcast",
        "collection": "General",
        "desc": "Lorem Ipsum is simply dummy text of the printing and typesetting industry. Lorem Ipsum has been"
    },
    {
        "id": 5,
        "title": "Lunch website",
        "collection": "General",
        "desc": "Lorem Ipsum is simply dummy text of the printing and typesetting industry. Lorem Ipsum has been"
    },
    {
        "id": 6,
        "title": "Client meeting",
        "collection": "General",
        "desc": "Lorem Ipsum is simply dummy text of the printing and typesetting industry. Lorem Ipsum has been"
    },
    {
        "id": 7,
        "title": "Plan webinar",
        "collection": "General",
        "desc": "Lorem Ipsum is simply dummy text of the printing and typesetting industry. Lorem Ipsum has been"
    },
    {
        "id": 8,
        "title": "Email newsletter",
        "collection": "General",
        "desc": "Lorem Ipsum is simply dummy text of the printing and typesetting industry. Lorem Ipsum has been"
    },
    {
        "id": 9,
        "title": "Lunch website",
        "collection": "General",
        "desc": "Lorem Ipsum is simply dummy text of the printing and typesetting industry. Lorem Ipsum has been"
    }
]